id;title;content;date
1;Savings;../fake-data/blob/hipster.txt;2022-01-03T19:15:23
2;Branding;../fake-data/blob/hipster.txt;2022-01-03T05:00:01
3;IB experiences Grass-roots;../fake-data/blob/hipster.txt;2022-01-03T11:49:02
4;redundant SAS National;../fake-data/blob/hipster.txt;2022-01-03T13:29:28
5;global;../fake-data/blob/hipster.txt;2022-01-03T08:09:40
6;redundant compress;../fake-data/blob/hipster.txt;2022-01-03T04:48:59
7;Dollar Officer;../fake-data/blob/hipster.txt;2022-01-03T12:26:40
8;auxiliary static;../fake-data/blob/hipster.txt;2022-01-03T13:04:51
9;invoice National;../fake-data/blob/hipster.txt;2022-01-03T05:34:01
10;cross-platform;../fake-data/blob/hipster.txt;2022-01-03T09:29:11
